Qty,Value,Device,Package,Parts,Description,DIGIKEY,MOUSER,NEWARK
3,100nF,CAPACITOR,0402_CAP,"C1, C2, C3",0402 Capacitor,,,
2,0.1uF,CAPACITOR,0402_CAP,"C4, C5",0402 Capacitor,,,
1,10uF,CAPACITOR0603_CAP,0603_CAP,C6,0402 Capacitor,,,
1,BLUE,LED0603,LED-0603,D1,LEDs,,,
1,SQUALL_HEADER,SQUALL_HEADER,SQUALL_HEADER,J1,Header for a sensor board on top of the Squall BLE tag board.,H11617CT-ND,,
2,HIROSE-DF40C-10DP-0.4V,HIROSE-DF40C-10DP-0.4V,2X5/SMD/0.4MM,"J2, J3",DF40 Series Header - 0.4MM Pitch,H11616CT-ND,798-DF40C10DP0.4V51,68X2585
1,1kΩ,RESISTOR0402_RES,0402_RES,R1,Resistor,,,
2,2kΩ,RESISTOR0402_RES,0402_RES,"R2, R3",Resistor,,,
1,LPS331APQFN,LPS331APQFN,HCLGA-16L,U1,LPS331AP pressure sensor device designed by BLEES EECS 373,,,
1,TSL2560DFN,TSL2560DFN,DFN2,U2,"TSL2560 light to digital converter, written by BLEES EECS 373.",,,
1,HTU21DDFN,HTU21DDFN,DFN,U3,This is the HTU21D Temp/Humidity sensor made by BLEES EECS 373.,,,
1,ADXL362,ADXL362,ADXL362,U4,Micropower 3-axis accelerometer,,,
